{
    "324e55e5-dd56-4b29-aea1-1046e43bb8c6": {
        "objectives": {
            "obj": 10014.000000
        }, 
        "time": "16:33:19", 
        "params": {
            "dim0": 0.627337,
            "dim1": 0.525296,
            "dim2": 0.780559,
            "dim3": 0.80111,
            "dim4": 0.638523,
            "dim5": 0.245774,
            "dim6": 0.465855,
            "dim7": 0.457453,
            "dim8": 0.761386,
            "dim9": 0.409789,
            "dim10": 0.288397,
            "dim11": 0.505627,
            "dim12": 0.278106,
            "dim13": 0.892378,
            "dim14": 0.904031,
            "dim15": 0.938289,
            "dim16": 0.776016,
            "dim17": 0.510025,
            "dim18": 0.622284,
            "dim19": 0.123652,
            "dim20": 0.05529,
            "dim21": 0.133059,
            "dim22": 0.160383,
            "dim23": 0.093098,
            "dim24": 0.060291,
            "dim25": 0.334023,
            "dim26": 0.408811,
            "dim27": 0.362877,
            "dim28": 0.726834,
            "dim29": 0.103292
        }
    }, 
    "b1310b09-c1bc-4a73-b8da-542d461e13fb": {
        "objectives": {
            "obj": 9007.000000
        }, 
        "time": "16:33:12", 
        "params": {
            "dim0": 0.683175,
            "dim1": 0.685055,
            "dim2": 0.540365,
            "dim3": 0.197585,
            "dim4": 0.893422,
            "dim5": 0.832991,
            "dim6": 0.559028,
            "dim7": 0.500345,
            "dim8": 0.233894,
            "dim9": 0.152944,
            "dim10": 0.632239,
            "dim11": 0.052879,
            "dim12": 0.142502,
            "dim13": 0.179963,
            "dim14": 0.551494,
            "dim15": 0.537541,
            "dim16": 0.18041,
            "dim17": 0.269408,
            "dim18": 0.772182,
            "dim19": 0.850758,
            "dim20": 0.785481,
            "dim21": 0.937137,
            "dim22": 0.510138,
            "dim23": 0.279422,
            "dim24": 0.327191,
            "dim25": 0.274877,
            "dim26": 0.828206,
            "dim27": 0.330324,
            "dim28": 0.801014,
            "dim29": 0.013396
        }
    }, 
    "3bf82794-ebc2-416f-8ec4-b432fafb7a4d": {
        "objectives": {
            "obj": 8433.000000
        }, 
        "time": "16:33:17", 
        "params": {
            "dim0": 0.971023,
            "dim1": 0.056284,
            "dim2": 0.334701,
            "dim3": 0.421072,
            "dim4": 0.214842,
            "dim5": 0.931988,
            "dim6": 0.017247,
            "dim7": 0.201302,
            "dim8": 0.636956,
            "dim9": 0.624148,
            "dim10": 0.994464,
            "dim11": 0.380966,
            "dim12": 0.67815,
            "dim13": 0.058527,
            "dim14": 0.775293,
            "dim15": 0.040445,
            "dim16": 0.577155,
            "dim17": 0.188926,
            "dim18": 0.21247,
            "dim19": 0.489741,
            "dim20": 0.190081,
            "dim21": 0.804866,
            "dim22": 0.746509,
            "dim23": 0.999479,
            "dim24": 0.439132,
            "dim25": 0.985031,
            "dim26": 0.913479,
            "dim27": 0.557598,
            "dim28": 0.426534,
            "dim29": 0.244017
        }
    }, 
    "3ad12346-e080-4ce3-a5fc-21869ce7c0f2": {
        "objectives": {
            "obj": 8923.000000
        }, 
        "time": "16:33:34", 
        "params": {
            "corner_3": 5.0, 
            "width": 49.899999999999999, 
            "length": 44.299999999999997, 
            "corner_2": 5.0, 
            "corner_4": 9.9000000000000004, 
            "corner_1": 9.9000000000000004
        }
    }, 
    "7e5e46f9-65e7-4005-9369-92f7ea42846a": {
        "objectives": {
            "obj": 8923.000000
        }, 
        "time": "16:33:29", 
        "params": {
            "corner_3": 5.7999999999999998, 
            "width": 44.299999999999997, 
            "length": 44.600000000000001, 
            "corner_2": 5.7999999999999998, 
            "corner_4": 9.1999999999999993, 
            "corner_1": 10.0
        }
    }, 
    "e915f5b8-9dda-4b2e-b4bf-1edf2fa167be": {
        "objectives": {
            "obj": 7770.000000
        }, 
        "time": "16:33:12", 
        "params": {
            "corner_3": 7.5, 
            "width": 32.5, 
            "length": 32.5, 
            "corner_2": 7.5, 
            "corner_4": 7.5, 
            "corner_1": 7.5
        }
    }, 
    "85b03858-9f20-40ee-b086-1602eee9b54d": {
        "objectives": {
            "obj": 7622.000000
        }, 
        "time": "16:33:37", 
        "params": {
            "corner_3": 6.5999999999999996, 
            "width": 50.0, 
            "length": 49.799999999999997, 
            "corner_2": 5.4000000000000004, 
            "corner_4": 8.4000000000000004, 
            "corner_1": 7.2999999999999998
        }
    }, 
    "f35158fd-bf28-4f53-880f-af0cd3c80593": {
        "objectives": {
            "obj": 8772.000000
        }, 
        "time": "16:33:28", 
        "params": {
            "corner_3": 5.0, 
            "width": 50.0, 
            "length": 50.0, 
            "corner_2": 5.0, 
            "corner_4": 9.8000000000000007, 
            "corner_1": 9.1999999999999993
        }
    }, 
    "492c3655-c389-4009-8701-8f684ece2f33": {
        "objectives": {
            "obj": 9506.000000
        }, 
        "time": "16:33:12", 
        "params": {
            "corner_3": 5.7000000000000002, 
            "width": 19.300000000000001, 
            "length": 49.0, 
            "corner_2": 6.4000000000000004, 
            "corner_4": 5.9000000000000004, 
            "corner_1": 8.5
        }
    }, 
    "e4430698-57db-4949-8803-549b7c2a5812": {
        "objectives": {
            "obj": 8290.000000
        }, 
        "time": "16:33:19", 
        "params": {
            "corner_3": 5.0999999999999996, 
            "width": 49.899999999999999, 
            "length": 49.5, 
            "corner_2": 5.7000000000000002, 
            "corner_4": 9.0999999999999996, 
            "corner_1": 10.0
        }
    }, 
    "4caac1af-4b46-435c-b2f5-44cf05d85547": {
        "objectives": {
            "obj": 6570.000000
        }, 
        "time": "16:33:22", 
        "params": {
            "corner_3": 5.2000000000000002, 
            "width": 49.700000000000003, 
            "length": 27.199999999999999, 
            "corner_2": 5.0, 
            "corner_4": 9.9000000000000004, 
            "corner_1": 6.7000000000000002
        }
    }, 
    "7f81bbb8-0078-4feb-a23b-5a6a8e984076": {
        "objectives": {
            "obj": 5948.000000
        }, 
        "time": "16:33:20", 
        "params": {
            "corner_3": 5.2000000000000002, 
            "width": 49.899999999999999, 
            "length": 49.899999999999999, 
            "corner_2": 9.4000000000000004, 
            "corner_4": 9.9000000000000004, 
            "corner_1": 5.0
        }
    }, 
    "55673578-4b54-454f-9404-da87fd61f2b6": {
        "objectives": {
            "obj": 10354.000000
        }, 
        "time": "16:33:14", 
        "params": {
            "corner_3": 5.0, 
            "width": 50.0, 
            "length": 50.0, 
            "corner_2": 5.0, 
            "corner_4": 9.1999999999999993, 
            "corner_1": 9.0999999999999996
        }
    }, 
    "edb2ff70-91f3-40f9-85f2-319e77025b93": {
        "objectives": {
            "obj": 10363.000000
        }, 
        "time": "16:33:18", 
        "params": {
            "corner_3": 5.0, 
            "width": 50.0, 
            "length": 44.399999999999999, 
            "corner_2": 5.2999999999999998, 
            "corner_4": 10.0, 
            "corner_1": 10.0
        }
    }
}